"Accepted Symbol","Synonym Symbol","Scientific Name","Federal Noxious Status","State Noxious Status","Invasive","C:N Ratio","Foliage Texture","Growth Rate","Height, Mature (feet)","Leaf Retention","Nitrogen Fixation","Adapted to Coarse Textured Soils","Adapted to Medium Textured Soils","Frost Free Days, Minimum","Moisture Use","Precipitation (Minimum)","Precipitation (Maximum)","Root Depth, Minimum (inches)","Shade Tolerance","Temperature, Minimum (°F)","Palatable Browse Animal","Palatable Graze Animal"
"ABMA","","Abies magnifica","","","","High","Medium","Slow","150","Yes","None","Yes","Yes","90","Medium","33","64","20","Tolerant","-23","Low","Low"
"ABMAS","","Abies magnifica var. shastensis","","","","","","","","","","","","","","","","","","","",""
"ABMAS","ABSH","Abies ×shastensis","","","","High","Medium","Slow","180","Yes","None","Yes","Yes","90","Medium","30","60","20","Intermediate","-23","Low","Low"
"ABPR","","Abies procera","","","","High","Medium","Rapid","230","Yes","None","Yes","Yes","50","Low","64","120","20","Intermediate","-23","Low","Low"
"ACGI","","Acer ginnala","","CT (PINB)","WI","High","Medium","Rapid","20","No","None","Yes","Yes","130","Medium","30","60","24","Intermediate","-38","Low","Low"
"ACNE2","","Acer negundo","","","N'EAST","High","Coarse","Rapid","60","No","None","Yes","Yes","100","Medium","15","75","40","Tolerant","-46","Low","Low"
"ACSA2","","Acer saccharinum","","","","High","Medium","Rapid","90","No","None","Yes","Yes","120","Medium","20","70","32","Intermediate","-47","Low","Low"
"ACMIO","","Achillea millefolium var. occidentalis","","","","Medium","Fine","Moderate","3.0","No","None","Yes","Yes","100","Medium","8","26","8","Intermediate","-38","Low","Low"
"ACCO4","","Aconitum columbianum","","","","Medium","Medium","Moderate","5.0","No","None","Yes","Yes","110","High","12","50","10","Intermediate","-28","Low","Low"
"ACCA4","","Acorus calamus","","","","High","Coarse","Moderate","5.0","No","None","Yes","Yes","90","High","32","60","12","Intolerant","-38","Low","Low"
"AEPA","","Aesculus pavia","","","","High","Coarse","Moderate","25","No","None","Yes","Yes","180","High","36","65","20","Tolerant","-20","Low","Low"
"AGPA2","","Agastache parvifolia","","","","Medium","Coarse","Moderate","2.0","No","None","Yes","Yes","130","Low","12","65","12","Intolerant","-23","Low","Low"
"AGUT","","Agave utahensis","","","","High","Coarse","Moderate","1.0","Yes","None","Yes","Yes","120","Low","5","24","6","Intolerant","-23","Low","Low"
"AGGR","","Agoseris grandiflora","","","","Medium","Coarse","Moderate","1.8","No","None","Yes","Yes","120","Medium","12","20","8","Intolerant","-13","Low","Low"
"AGGR2","","Agrimonia gryposepala","","","","","Medium","Moderate","5.9","No","None","Yes","Yes","120","Medium","15","55","6","Intermediate","-43","Low","Low"
"AGPA6","","Agrimonia parviflora","","","","Low","Medium","Rapid","6.0","No","None","Yes","Yes","160","High","24","50","6","Intermediate","-33","Low","Low"
"AGRO3","","Agrimonia rostellata","","","","","Medium","Moderate","2.3","No","None","Yes","Yes","120","Medium","35","50","6","Intermediate","-33","Low","Low"
"AGST","","Agrimonia striata","","","","Medium","Medium","Moderate","6.0","No","None","Yes","Yes","140","Medium","8","45","12","Tolerant","-43","Low","Low"
"ALGL2","","Alnus glutinosa","","","SEEPPC, WI","Low","Medium","Rapid","45","No","High","Yes","Yes","130","Medium","20","65","16","Intermediate","-18","Low","Low"
"ALINT","","Alnus incana ssp. tenuifolia","","","","High","Medium","Rapid","20","No","Medium","Yes","Yes","130","High","10","20","18","Intermediate","-62","Low","Low"
"ALRH2","","Alnus rhombifolia","","","","High","Medium","Rapid","65","No","Low","Yes","Yes","200","High","20","125","12","Tolerant","-24","Low","Low"
"ALVIC","","Alnus viridis ssp. crispa","","","","High","Medium","Moderate","10","No","Low","Yes","Yes","80","High","12","60","20","Intermediate","-62","Low","Low"
"ALVIS","","Alnus viridis ssp. sinuata","","","","High","Medium","Slow","16","No","Low","Yes","Yes","90","High","16","200","10","Intermediate","-48","Low","Low"
"AMDU2","","Ambrosia dumosa","","","","","Medium","Rapid","2.0","No","None","Yes","Yes","250","Low","4","11","12","Intolerant","-11","Low","Low"
"AMAR3","","Amelanchier arborea","","","","Medium","Fine","Slow","36","No","None","Yes","Yes","120","Medium","26","80","20","Tolerant","-47","Low","Low"
"AMFR","","Amorpha fruticosa","","CT (PIB), WA (CBW, NWSPQ)","STATE","High","Coarse","Slow","15","No","Medium","Yes","Yes","100","Low","10","65","24","Intolerant","-38","Low","Low"
"ANMU","","Anemone multifida","","","","Low","Coarse","Rapid","2.0","No","None","Yes","Yes","120","Medium","40","60","6","Tolerant","-23","Low","Low"
"ANDI2","","Antennaria dimorpha","","","","Medium","Fine","Slow","0.3","No","None","Yes","Yes","120","Low","12","40","14","Intermediate","-38","Low","Low"
"APCA","","Apocynum cannabinum","","","KY, NE&GP, SWSS, WSWS","","Medium","Moderate","3.3","No","None","Yes","Yes","100","High","15","60","12","Intermediate","-43","Low","Low"
"AQCO","","Aquilegia coerulea","","","","","","","","","","","","","","","","","","","",""
"AQCO","AQCA2","Aquilegia caerulea","","","","Medium","Fine","Moderate","2.0","No","None","Yes","Yes","130","Medium","12","40","10","Tolerant","-28","Low","Low"
"ARDI2","","Arabis ×divaricarpa","","","","Medium","Coarse","Rapid","3.0","No","None","Yes","Yes","80","Low","28","50","8","Tolerant","-28","Low","Low"
"ARNU2","","Aralia nudicaulis","","","","Medium","Coarse","Moderate","1.5","No","None","Yes","Yes","85","Medium","32","50","10","Tolerant","-38","Low","Low"
"ARSP2","","Aralia spinosa","","","","High","Coarse","Moderate","20","No","None","Yes","Yes","160","High","35","80","30","Intolerant","-25","Low","Low"
"ARLA2","","Arctagrostis latifolia","","","","Medium","Medium","Slow","1.8","No","None","Yes","Yes","90","High","30","60","24","Intolerant","-38","Low","Low"
"ARMA","","Arctostaphylos manzanita","","","","High","Coarse","Slow","8.0","Yes","None","Yes","Yes","120","Low","14","60","20","Intermediate","-23","Low","Low"
"ARNE","","Arctostaphylos nevadensis","","","","High","Coarse","Slow","2.0","Yes","None","Yes","Yes","180","Low","16","80","30","Tolerant","-13","Low","Low"
"ARPA6","","Arctostaphylos patula","","","","High","Coarse","Slow","6.0","Yes","None","Yes","Yes","120","Medium","13","60","20","Intermediate","-28","Low","Low"
"ARUV","","Arctostaphylos uva-ursi","","","","High","Coarse","Moderate","0.5","Yes","None","Yes","Yes","140","Low","14","45","10","Intermediate","-33","Low","Low"
"ARPO2","","Argemone polyanthemos","","","NE&GP, WSWS","High","Coarse","Rapid","3.0","No","None","Yes","Yes","140","Low","10","15","6","Intolerant","-23","Low","Low"
"ARTR","","Arisaema triphyllum","","","","High","Coarse","Moderate","1.5","No","None","Yes","Yes","175","High","34","50","8","Tolerant","-18","Low","Low"
"ARMA6","","Armeria maritima","","","","High","Fine","Moderate","0.9","Yes","None","Yes","Yes","110","Medium","32","60","10","Intolerant","-28","Low","Low"
"ARAM2","","Arnica amplexicaulis","","","","Medium","Medium","Moderate","2.5","No","None","Yes","Yes","100","High","20","40","6","Tolerant","-23","Low","Low"
"ARCH3","","Arnica chamissonis","","","","Medium","Medium","Moderate","2.5","No","None","Yes","Yes","90","High","14","24","8","Intermediate","-33","Low","Low"
"ARCO9","","Arnica cordifolia","","","","Low","Coarse","Rapid","1.5","No","None","Yes","Yes","130","High","10","35","6","Tolerant","-28","Low","Low"
"ARLA8","","Arnica latifolia","","","","Medium","Medium","Moderate","2.0","No","None","Yes","Yes","90","High","14","40","8","Intermediate","-33","Low","Low"
"ARLO6","","Arnica longifolia","","","","Medium","Coarse","Moderate","2.0","No","None","Yes","Yes","100","High","16","60","10","Tolerant","-33","Low","Low"
"ARMO4","","Arnica mollis","","","","","Medium","Slow","2.0","No","None","Yes","Yes","80","High","10","100","2","Intermediate","-33","Low","Low"
"ARFUH","","Artemisia furcata var. heterophylla","","","","High","Coarse","Slow","4.0","No","None","Yes","Yes","100","Low","14","28","32","Intolerant","-18","Low","Low"
"ARTRV","","Artemisia tridentata ssp. vaseyana","","","","Medium","Coarse","Slow","7.0","No","None","Yes","Yes","90","Low","11","45","16","Intolerant","-43","Low","Low"
"ASTU","","Asclepias tuberosa","","","","Low","Coarse","Slow","2.0","No","None","Yes","Yes","135","Low","28","45","16","Intolerant","-33","Low","Low"
"ASTR","","Asimina triloba","","","","High","Coarse","Slow","25","No","None","Yes","Yes","160","Medium","36","80","20","Tolerant","-27","Low","Low"
"ASCU4","","Astragalus curvicarpus","","","","Low","Fine","Rapid","0.4","No","Low","Yes","Yes","120","Low","10","60","6","Intolerant","-23","Low","Low"
"ASPU9","","Astragalus purshii","","","","Low","Fine","Moderate","0.6","No","Medium","Yes","Yes","80","Low","10","20","10","Intolerant","-33","Low","Low"
"BASE2","","Balsamorhiza serrata","","","","Medium","Medium","Moderate","1.0","No","None","Yes","Yes","140","Low","16","28","12","Intolerant","-28","Low","Low"
"BASC5","","Bassia scoparia","","","","","","","","","","","","","","","","","","","",""
"BASC5","KOSC","Kochia scoparia","","CT (PIB), OR (BDW), OR (Q), WA (CBW), WA (NWSPQ)","N'EAST, NE&GP, STATE, SWSS, WSWS","","Fine","Moderate","4.9","No","None","Yes","Yes","120","Low","10","40","6","Intolerant","-38","Low","Low"
"BETH","","Berberis thunbergii","","CT (INB), MA (P)","SEEPPC, WI","High","Fine","Moderate","6.0","No","None","Yes","Yes","180","Medium","30","60","18","Intolerant","-28","Low","Low"
"BOAS","","Boltonia asteroides","","","","Medium","Coarse","Rapid","8.0","No","None","Yes","Yes","80","Medium","22","55","12","Intermediate","-38","Low","Low"
"BOSA","","Bothriochloa saccharoides","","","","","Fine","Moderate","2.0","No","None","Yes","Yes","140","Medium","10","48","12","Intolerant","-23","Low","Low"
"BRKA2","","Bromus kalmii","","","","Medium","Fine","Rapid","3.0","No","None","Yes","Yes","85","Low","32","55","8","Tolerant","-33","Low","Low"
"CANO9","","Callitropsis nootkatensis","","","","","","","","","","","","","","","","","","","",""
"CANO9","CHNO","Chamaecyparis nootkatensis","","","","High","Fine","Slow","75","Yes","None","Yes","Yes","111","Medium","45","100","24","Tolerant","-22","Low","Low"
"CADE27","","Calocedrus decurrens","","","","High","Coarse","Slow","100","Yes","None","Yes","Yes","100","Low","20","80","60","Intermediate","-25","Low","Low"
"CAAP2","","Campanula aparinoides","","","","Medium","Fine","Moderate","2.0","No","None","Yes","Yes","140","High","20","60","8","Intolerant","-38","Low","Low"
"CAAR18","","Caragana arborescens","","","","Medium","Medium","Rapid","12","No","Medium","Yes","Yes","150","Medium","12","55","16","Intermediate","-38","Low","Low"
"CAPE3","","Cardamine pensylvanica","","","","Low","Fine","Rapid","1.5","No","None","Yes","Yes","75","Medium","32","55","7","Tolerant","-33","Low","Low"
"CAAU3","","Carex aurea","","","","Medium","Fine","Slow","1.2","No","None","Yes","Yes","85","High","14","40","8","Intermediate","-33","Low","Low"
"CABE3","","Carex bella","","","","Medium","Fine","Slow","2.0","No","None","Yes","Yes","120","High","10","40","8","Intermediate","-18","Low","Low"
"CABI3","","Carex bicknellii","","","","Medium","Fine","Moderate","3.4","No","None","Yes","Yes","85","Low","14","55","8","Tolerant","-38","Low","Low"
"CABI5","","Carex bigelowii","","","","Medium","Medium","Moderate","0.4","No","None","Yes","Yes","80","Medium","36","55","6","Intermediate","-43","Low","Low"
"CACA11","","Carex canescens","","","","Medium","Fine","Slow","2.0","No","None","Yes","Yes","85","High","14","40","8","Intermediate","-33","Low","Low"
"CACE","","Carex cephalophora","","","","Medium","Medium","Moderate","2.6","No","None","Yes","Yes","90","Low","36","55","8","Intermediate","-33","Low","Low"
"CADE5","","Carex debilis","","","","Medium","Medium","Moderate","3.0","No","None","Yes","Yes","180","High","36","55","8","Tolerant","-13","Low","Low"
"CADE6","","Carex decomposita","","","","Medium","Coarse","Rapid","4.5","No","None","Yes","Yes","140","High","36","55","12","Tolerant","-13","Low","Low"
"CADI4","","Carex diandra","","","","Medium","Medium","Slow","3.0","No","None","Yes","Yes","85","High","14","40","8","Intermediate","-33","Low","Low"
"CAFI","","Carex filifolia","","","","High","Coarse","Slow","1.2","No","None","Yes","Yes","90","Low","8","24","12","Intolerant","-38","Low","Low"
"CAGE2","","Carex geyeri","","","","Medium","Medium","Slow","1.5","No","None","Yes","Yes","130","Low","12","20","10","Intermediate","-28","Low","Low"
"CAHA2","","Carex halliana","","","","Medium","Medium","Slow","2.5","No","None","Yes","Yes","120","Medium","38","60","8","Intolerant","-33","Low","Low"
"CALE8","","Carex lenticularis","","","","High","Coarse","Moderate","1.6","No","None","Yes","Yes","80","High","36","55","10","Intermediate","-38","Low","Low"
"CALEL3","","Carex lenticularis var. lipocarpa","","","","High","Coarse","Moderate","3.0","No","None","Yes","Yes","85","Medium","32","55","12","Tolerant","-33","Low","Low"
"CALI7","","Carex limosa","","","","Medium","Fine","Slow","1.8","No","None","Yes","Yes","85","Medium","14","46","8","Intolerant","-33","Low","Low"
"CALU7","","Carex luzulina","","","","Medium","Fine","Slow","2.0","No","None","Yes","Yes","85","High","12","24","8","Intolerant","-33","Low","Low"
"CAMA13","","Carex mariposana","","","","Medium","Medium","Slow","2.0","No","None","Yes","Yes","130","Low","14","60","9","Tolerant","-13","Low","Low"
"CAME6","","Carex mertensii","","","","Medium","Medium","Slow","3.5","No","None","Yes","Yes","120","Medium","24","60","9","Tolerant","-28","Low","Low"
"CAMI7","","Carex microptera","","","","Medium","Fine","Slow","2.0","No","None","Yes","Yes","85","High","10","24","8","Intolerant","-33","Low","Low"
"CAMO11","","Carex molesta","","","","Medium","Fine","Slow","3.0","No","None","Yes","Yes","85","Medium","24","55","10","Intolerant","-38","Low","Low"
"CAPO4","","Carex polymorpha","","","","High","Coarse","Slow","2.0","No","None","Yes","Yes","85","Low","36","55","10","Tolerant","-33","Low","Low"
"CAPR5","","Carex praegracilis","","","","Medium","Medium","Moderate","2.0","No","None","Yes","Yes","80","Medium","10","24","10","Intermediate","-38","Low","Low"
"CARA6","","Carex raynoldsii","","","","Medium","Medium","Moderate","2.0","No","None","Yes","Yes","85","Medium","30","60","12","Tolerant","-33","Low","Low"
"CARO5","","Carex rossii","","","","Medium","Coarse","Moderate","1.0","No","None","Yes","Yes","140","Medium","14","60","8","Intermediate","-33","Low","Low"
"CASC10","","Carex scirpoidea","","","","Medium","Medium","Moderate","1.5","No","None","Yes","Yes","80","Medium","32","55","16","Tolerant","-38","Low","Low"
"CATO4","","Carex torta","","","","Medium","Medium","Slow","2.8","No","None","Yes","Yes","90","Medium","32","50","8","Tolerant","-33","Low","Low"
"CACA18","","Carpinus caroliniana","","","","High","Medium","Slow","30","No","None","Yes","Yes","80","Medium","23","80","20","Tolerant","-34","Low","Low"
"CAAQ2","","Carya aquatica","","","","High","Coarse","Slow","85","No","None","Yes","Yes","200","Medium","35","70","48","Intermediate","-18","Low","Low"
"CACO15","","Carya cordiformis","","","","High","Coarse","Slow","75","No","None","Yes","Yes","120","Medium","25","70","50","Intolerant","-47","Low","Low"
"CAGL8","","Carya glabra","","","","High","Coarse","Slow","80","No","None","Yes","Yes","140","Medium","30","80","50","Intermediate","-30","Low","Low"
"CAIL2","","Carya illinoinensis","","","","High","Fine","Slow","120","No","None","Yes","Yes","180","High","28","79","32","Intolerant","-21","Low","Low"
"CALA21","","Carya laciniosa","","","","High","Coarse","Slow","100","No","None","Yes","Yes","150","High","30","60","60","Tolerant","-22","Low","Low"
"CAOV2","","Carya ovata","","","","High","Coarse","Slow","75","No","None","Yes","Yes","140","Medium","29","80","48","Intermediate","-40","Low","Low"
"CATO6","","Carya tomentosa","","","","","","","","","","","","","","","","","","","",""
"CATO6","CAAL27","Carya alba","","","","High","Coarse","Slow","85","No","None","Yes","Yes","160","Medium","32","80","50","Intermediate","-33","Low","Low"
"CAMO83","","Castanea mollissima","","","","","Coarse","Rapid","50","No","None","Yes","Yes","180","Medium","35","50","36","Intolerant","-20","Low","Low"
"CASP8","","Catalpa speciosa","","","","High","Medium","Rapid","60","No","Low","Yes","Yes","90","Low","20","80","20","Intolerant","-38","Low","Low"
"CEPR","","Ceanothus prostratus","","","","High","Coarse","Slow","0.5","Yes","Low","Yes","Yes","120","Low","16","40","14","Tolerant","-23","Low","Low"
"CESA","","Ceanothus sanguineus","","","","High","Coarse","Slow","10","No","Low","Yes","Yes","300","High","13","35","12","Intermediate","-13","Low","Low"
"CEVE","","Ceanothus velutinus","","","","Medium","Medium","Moderate","10","No","Medium","Yes","Yes","120","Medium","14","40","18","Intolerant","-23","Low","Low"
"CEOR7","","Celastrus orbiculatus","","CT (IB), MA (P), NC (CCW), NH (PIS), VT (CBW)","N'EAST, SEEPPC, STATE, WI","High","Coarse","Rapid","30","No","None","Yes","Yes","100","High","30","60","18","Tolerant","-38","Low","Low"
"CESC","","Celastrus scandens","","","","High","Coarse","Rapid","15","No","None","Yes","Yes","110","High","30","60","18","Tolerant","-38","Low","Low"
"CEOC2","","Cephalanthus occidentalis","","","","Medium","Coarse","Moderate","15","No","None","Yes","Yes","150","High","20","80","14","Tolerant","-33","Low","Low"
"CHDO","","Chaenactis douglasii","","","","Medium","Medium","Moderate","1.6","No","None","Yes","Yes","100","Low","14","60","10","Intermediate","-38","Low","Low"
"CHJA2","","Chaenomeles japonica","","","","High","Medium","Rapid","8.0","No","None","Yes","Yes","90","Medium","32","60","18","Intermediate","-43","Low","Low"
"CHLA","","Chamaecyparis lawsoniana","","","","High","Fine","Moderate","200","Yes","None","Yes","Yes","173","Medium","49","110","60","Tolerant","-12","Low","Low"
"CHCHC4","","Chrysolepis chrysophylla var. chrysophylla","","","","High","Coarse","Moderate","100","Yes","None","Yes","Yes","102","Medium","34","130","48","Tolerant","-34","Low","Low"
"CHVI8","","Chrysothamnus viscidiflorus","","","WSWS","High","Fine","Moderate","3.0","No","None","Yes","Yes","160","Low","7","24","14","Intolerant","-23","Low","Low"
"CIIN","","Cichorium intybus","","CO (CW)","KY, N'EAST, NE&GP, SEEPPC, STATE, SWSS, WSWS","Medium","Coarse","Rapid","2.0","No","None","Yes","Yes","90","High","20","60","8","Intolerant","-43","Low","Low"
"CLLI2","","Clematis ligusticifolia","","","","Medium","Medium","Moderate","1.0","No","None","Yes","Yes","120","Medium","12","20","16","Intermediate","-38","Low","Low"
"CORA","","Coleogyne ramosissima","","","","Medium","Coarse","Slow","6.0","No","None","Yes","Yes","140","Low","6","16","24","Intolerant","-18","Low","Low"
"COAM2","","Cornus amomum","","","","High","Coarse","Moderate","10","No","None","Yes","Yes","110","High","36","60","16","Intermediate","-38","Low","Low"
"COCOC","","Corylus cornuta var. californica","","","","High","Coarse","Slow","18","No","None","Yes","Yes","130","Medium","14","100","18","Tolerant","-28","Low","Low"
"COAC2","","Cotoneaster acutifolius","","","","High","Medium","Moderate","13","No","None","Yes","Yes","120","Medium","32","60","16","Intermediate","-38","Low","Low"
"DACO","","Danthonia compressa","","","","Medium","Medium","Moderate","2.4","No","None","Yes","Yes","90","Medium","32","55","10","Tolerant","-33","Low","Low"
"DECE","","Deschampsia cespitosa","","","","","","","","","","","","","","","","","","","",""
"DECE","DECA18","Deschampsia caespitosa","","","","Medium","Medium","Moderate","3.4","No","None","Yes","Yes","100","Low","14","24","14","Intolerant","-38","Low","Low"
"DEEL","","Deschampsia elongata","","","","Medium","Coarse","Moderate","3.0","No","None","Yes","Yes","90","Low","10","24","8","Intolerant","-38","Low","Low"
"DIFO","","Dicentra formosa","","","","Low","Fine","Rapid","1.5","No","None","Yes","Yes","200","Low","55","155","6","Tolerant","-23","Low","Low"
"DOPU","","Dodecatheon pulchellum","","","","Medium","Fine","","2.0","No","None","Yes","Yes","100","Medium","12","30","8","Intermediate","-33","Low","Low"
"DOLA","","Douglasia laevigata","","","","Medium","Fine","Moderate","0.2","No","None","Yes","Yes","80","Medium","12","24","6","Intermediate","-13","Low","Low"
"ECPA","","Echinacea pallida","","","","Medium","Fine","Moderate","1.2","No","None","Yes","Yes","90","Medium","14","40","14","Intolerant","-33","Low","Low"
"ECPU","","Echinacea purpurea","","","","Medium","Fine","Moderate","1.2","No","None","Yes","Yes","90","Medium","14","40","24","Intolerant","-33","Low","Low"
"ELAN","","Elaeagnus angustifolia","","CO (BW), CT (PIB), NM (CCW)","Cal-IPC, NE&GP, STATE, WI, WSWS","Medium","Coarse","Rapid","35","No","High","Yes","Yes","100","High","12","40","20","Intolerant","-38","Low","Low"
"EPTO","","Ephedra torreyana","","","","Medium","Coarse","Slow","1.0","Yes","None","Yes","Yes","120","Low","8","14","24","Intolerant","-28","Low","Low"
"EQAR","","Equisetum arvense","","","N'EAST, NE&GP, WSWS","","Coarse","Rapid","0.9","No","None","Yes","Yes","100","High","20","100","6","Intermediate","-43","Low","Low"
"ERNAN5","","Ericameria nauseosa ssp. nauseosa var. nauseosa","","","","High","Medium","Slow","4.0","No","None","Yes","Yes","150","Medium","6","20","20","Intolerant","-38","Low","Low"
"ERCO4","","Erigeron compositus","","","","Medium","Medium","Moderate","1.0","No","None","Yes","Yes","80","Low","10","24","10","Intolerant","-33","Low","Low"
"ERFI2","","Erigeron filifolius","","","","Medium","Fine","Rapid","1.0","No","None","Yes","Yes","120","Low","10","60","6","Intolerant","-12","Low","Low"
"ERPE3","","Erigeron peregrinus","","","","Medium","Medium","Moderate","2.0","No","None","Yes","Yes","80","High","12","20","8","Intermediate","-38","Low","Low"
"EREL5","","Eriogonum elatum","","","","Medium","Medium","Moderate","3.0","No","None","Yes","Yes","130","Low","8","16","12","Intolerant","-28","Low","Low"
"ERMI4","","Eriogonum microthecum","","","","Medium","Fine","Moderate","1.1","No","None","Yes","Yes","140","Low","10","26","12","Intolerant","-38","Low","Low"
"ERSP7","","Eriogonum sphaerocephalum","","","","High","Fine","Slow","1.0","No","None","Yes","Yes","145","Low","10","18","14","Intolerant","-23","Low","Low"
"ERST4","","Eriogonum strictum","","","","High","Medium","Slow","2.2","No","None","Yes","Yes","145","Low","10","18","14","Intolerant","-23","Low","Low"
"ERTH4","","Eriogonum thymoides","","","","High","Medium","Slow","1.0","No","None","Yes","Yes","140","Low","10","18","12","Intolerant","-23","Low","Low"
"EUAM9","","Euonymus americanus","","","","","","","","","","","","","","","","","","","",""
"EUAM9","EUAM7","Euonymus americana","","","","Medium","Fine","Moderate","6.0","No","None","Yes","Yes","120","High","35","70","8","Intermediate","-23","Low","Low"
"EUGL19","","Eurybia glauca","","","","Medium","Medium","Moderate","2.0","No","None","Yes","Yes","130","Medium","10","20","10","Intolerant","-43","Low","Low"
"FEWI","","Ferocactus wislizeni","","","","High","Coarse","Slow","11","No","None","Yes","Yes","160","Low","9","24","6","Intolerant","-23","Low","Low"
"FESU","","Festuca subulata","","","","Medium","Medium","Moderate","1.2","No","None","Yes","Yes","90","High","10","32","12","Tolerant","-38","Low","Low"
"FLCE","","Flourensia cernua","","","","High","Medium","Slow","3.0","Yes","None","Yes","Yes","160","Low","9","24","6","Intolerant","-23","Low","Low"
"GAAR","","Gaillardia aristata","","","","Medium","Coarse","Moderate","2.0","No","None","Yes","Yes","100","Medium","16","30","16","Intolerant","-33","Low","Low"
"GUSA2","","Gutierrezia sarothrae","","","NE&GP, WSWS","High","Coarse","Moderate","1.5","No","None","Yes","Yes","140","Medium","7","30","16","Intolerant","-38","Low","Low"
"GYDI","","Gymnocladus dioicus","","","","Low","Coarse","Slow","100","No","Low","Yes","Yes","","Medium","","","36","Intolerant","-32","Low","Low"
"HACA3","","Halesia carolina","","","","High","Medium","Moderate","30","No","None","Yes","Yes","160","Medium","40","80","40","Tolerant","-10","Low","Low"
"HEHE","","Hedera helix","","OR (BDW, Q), WA (CCW)","Cal-IPC, SEEPPC, STATE, WI","High","Coarse","Moderate","5.0","No","None","Yes","Yes","160","Medium","28","65","12","Tolerant","-23","Low","Low"
"HEAU","","Helenium autumnale","","","NE&GP","","Fine","Rapid","4.9","No","None","Yes","Yes","100","Medium","10","60","6","Intolerant","-43","Low","Low"
"HEMER","","Hemerocallis","","","","Medium","Medium","Rapid","3.0","No","None","Yes","Yes","110","Medium","28","60","16","Intermediate","-23","Low","Low"
"HEAR22","","Hesperocyparis arizonica","","","","","","","","","","","","","","","","","","","",""
"HEAR22","CUAR","Cupressus arizonica","","","","High","Fine","Moderate","50","Yes","None","Yes","Yes","120","Low","16","30","12","Tolerant","-23","Low","Low"
"HEVI4","","Heterotheca villosa","","","","Medium","Coarse","Moderate","3.0","No","None","Yes","Yes","130","Low","10","26","14","Intolerant","-33","Low","Low"
"HIRH80","","Hippophae rhamnoides","","","","High","Coarse","Rapid","18","No","Medium","Yes","Yes","100","Low","26","50","18","Intolerant","-38","Low","Low"
"HOLA","","Holcus lanatus","","","Cal-IPC, HEAR, N'EAST, WSWS","","Fine","Moderate","3.3","No","None","Yes","Yes","120","Low","20","65","4","Intermediate","-23","Low","Low"
"HOBR2","","Hordeum brachyantherum","","","","Medium","Medium","Moderate","2.0","No","None","Yes","Yes","100","Medium","20","80","6","Intolerant","-43","Low","Low"
"HYCA10","","Hypericum calycinum","","","","Medium","Medium","Rapid","0.8","No","None","Yes","Yes","130","Medium","30","60","12","Tolerant","-43","Low","Low"
"HYCR3","","Hypericum crux-andreae","","","","High","Medium","Moderate","2.0","No","None","Yes","Yes","170","Medium","32","48","12","Intermediate","-8","Low","Low"
"ILCO80","","Ilex cornuta","","","","High","Coarse","Moderate","8.0","Yes","None","Yes","Yes","160","Medium","26","60","18","Intolerant","-23","Low","Low"
"ILGL","","Ilex glabra","","","","High","Coarse","Slow","8.0","Yes","None","Yes","Yes","165","High","32","60","16","Intolerant","-13","Low","Low"
"ILOP","","Ilex opaca","","","","High","Coarse","Slow","40","Yes","None","Yes","Yes","140","Medium","40","80","30","Tolerant","-20","Low","Low"
"IPAGA3","","Ipomopsis aggregata ssp. aggregata","","","","High","Coarse","Rapid","3.0","No","None","Yes","Yes","140","Low","10","15","6","Intolerant","-18","Low","Low"
"IRMI","","Iris missouriensis","","CA (CW)","STATE, WSWS","High","Medium","Rapid","1.0","No","None","Yes","Yes","115","High","24","35","6","Intermediate","-28","Low","Low"
"JUCI","","Juglans cinerea","","","","High","Coarse","Rapid","80","No","None","Yes","Yes","105","Medium","25","80","40","Intolerant","-33","Low","Low"
"JUMA","","Juglans major","","","","High","Coarse","Slow","50","No","None","Yes","Yes","105","Medium","25","80","40","Intolerant","-33","Low","Low"
"JUAC","","Juncus acuminatus","","","","High","Medium","Moderate","3.0","No","None","Yes","Yes","80","High","16","55","12","Intermediate","-33","Low","Low"
"JUBI","","Juncus biflorus","","","","High","Coarse","Rapid","3.5","No","None","Yes","Yes","145","High","35","55","14","Tolerant","-18","Low","Low"
"JUBR","","Juncus brachycarpus","","","","Medium","Fine","Moderate","3.0","No","None","Yes","Yes","140","Medium","35","55","8","Intermediate","-23","Low","Low"
"JUBR2","","Juncus brachycephalus","","","","High","Medium","Moderate","2.0","No","None","Yes","Yes","95","High","35","55","12","Intermediate","-28","Low","Low"
"JUCA3","","Juncus canadensis","","","","Medium","Fine","Rapid","3.2","No","None","Yes","Yes","80","Medium","28","60","12","Intermediate","-33","Low","Low"
"JUDR","","Juncus drummondii","","","","High","Medium","Slow","1.5","No","None","Yes","Yes","70","Medium","32","55","14","Intermediate","-38","Low","Low"
"JUIN2","","Juncus interior","","","","Medium","Medium","Moderate","3.0","No","None","Yes","Yes","90","Medium","20","55","10","Intermediate","-38","Low","Low"
"JUMA4","","Juncus marginatus","","","","Medium","Medium","Moderate","2.0","No","None","Yes","Yes","90","Medium","32","55","8","Intermediate","-23","Low","Low"
"JUNE","","Juncus nevadensis","","","","Medium","Fine","Moderate","2.0","No","None","Yes","Yes","100","High","10","30","12","Intermediate","-33","Low","Low"
"JUSE","","Juncus secundus","","","","Medium","Fine","Moderate","1.5","No","None","Yes","Yes","85","Low","32","55","8","Intolerant","-33","Low","Low"
"JUTE","","Juncus tenuis","","","N'EAST","Medium","Fine","Slow","1.5","No","None","Yes","Yes","85","Medium","10","55","6","Intermediate","-38","Low","Low"
"JUTO","","Juncus torreyi","","","","Medium","Coarse","Moderate","3.1","No","None","Yes","Yes","85","Medium","14","50","10","Intolerant","-38","Low","Low"
"JUCO6","","Juniperus communis","","","","High","Medium","Slow","10","Yes","None","Yes","Yes","90","Low","20","60","14","Intolerant","-43","Low","Low"
"JUCO12","","Juniperus conferta","","","","High","Medium","Moderate","2.0","Yes","None","Yes","Yes","130","Medium","30","60","14","Intolerant","-13","Low","Low"
"JUMO","","Juniperus monosperma","","","","High","Fine","Slow","40","Yes","None","Yes","Yes","180","Low","8","26","12","Intolerant","-13","Low","Low"
"JUOC","","Juniperus occidentalis","","","","High","Fine","Slow","33","Yes","None","Yes","Yes","150","Low","8","24","12","Intolerant","-33","Low","Low"
"JUOS","","Juniperus osteosperma","","","","High","Medium","Slow","26","Yes","None","Yes","Yes","140","Low","12","20","20","Intolerant","-28","Low","Low"
"JUSC2","","Juniperus scopulorum","","","","High","Medium","Slow","50","Yes","None","Yes","Yes","120","Low","9","26","20","Intolerant","-38","Low","Low"
"JUVI","","Juniperus virginiana","","","NE&GP","High","Medium","Slow","50","No","None","Yes","Yes","140","Low","15","68","20","Intermediate","-43","Low","Low"
"KALA","","Kalmia latifolia","","","","High","Coarse","Slow","6.0","Yes","None","Yes","Yes","150","Low","32","60","24","Tolerant","-23","Low","Low"
"KAMI","","Kalmia microphylla","","","","High","Coarse","Slow","1.0","Yes","None","Yes","Yes","85","Medium","12","20","12","Tolerant","-28","Low","Low"
"KAPO","","Kalmia polifolia","","","","High","Coarse","Slow","1.0","Yes","None","Yes","Yes","85","Medium","12","20","12","Tolerant","-28","Low","Low"
"LADE2","","Larix decidua","","","","High","Fine","Moderate","99","No","None","Yes","Yes","90","Medium","30","80","40","Intolerant","-38","Low","Low"
"LAKA2","","Larix kaempferi","","","","High","Fine","Rapid","98","No","None","Yes","Yes","180","Medium","25","80","20","Intolerant","-38","Low","Low"
"LAOC","","Larix occidentalis","","","","High","Fine","Rapid","200","No","None","Yes","Yes","60","Low","13","50","20","Intolerant","-43","Low","Low"
"LATRA","","Larrea tridentata var. arenaria","","","","High","Fine","Slow","10","No","None","Yes","Yes","160","Low","4","35","8","Intolerant","-23","Low","Low"
"LAJA","","Lathyrus japonicus","","","","Low","Medium","Moderate","1.5","No","Medium","Yes","Yes","190","Medium","30","60","16","Intermediate","-33","Low","Low"
"LATU","","Lathyrus tuberosus","","","","Low","Fine","Moderate","1.5","No","Medium","Yes","Yes","100","Medium","36","55","10","Intermediate","-28","Low","Low"
"LEHI2","","Lespedeza hirta","","","","High","Medium","Moderate","6.0","No","Medium","Yes","Yes","200","Low","30","60","9","Intolerant","-13","Low","Low"
"LEVU","","Leucanthemum vulgare","","WA (CBW, NWSPQ)","Cal-IPC, STATE","High","Coarse","Moderate","1.3","No","None","Yes","Yes","130","Low","30","50","8","Intermediate","-28","Low","Low"
"LEFL4","","Leymus flavescens","","","","Medium","Coarse","Moderate","3.0","No","None","Yes","Yes","120","Medium","12","30","10","Intolerant","-18","Low","Low"
"LERA5","","Leymus racemosus","","","","High","Coarse","Rapid","3.0","No","None","Yes","Yes","120","Medium","10","60","16","Intolerant","-33","Low","Low"
"LESA4","","Leymus salinus","","","","Medium","Coarse","Moderate","2.3","No","None","Yes","Yes","100","Low","10","24","10","Intolerant","-28","Low","Low"
"LIJA","","Ligustrum japonicum","","","","High","Medium","Rapid","10","Yes","None","Yes","Yes","100","Low","30","80","18","Tolerant","-13","Low","Low"
"LIMU6","","Liriope muscari","","","","High","Coarse","Moderate","0.5","No","None","Yes","Yes","150","Low","26","60","12","Tolerant","-23","Low","Low"
"LOMA3","","Lomatium macrocarpum","","","","Medium","Fine","Moderate","0.5","No","None","Yes","Yes","105","Low","8","16","10","Intolerant","-28","Low","Low"
"LOMA6","","Lonicera maackii","","CT (IB), MA (P), VT (CBW)","SEEPPC, STATE, WI","High","Coarse","Moderate","16","No","Low","Yes","Yes","100","Medium","25","60","16","Intolerant","-33","Low","Low"
"LOTA","","Lonicera tatarica","","CT (PIB), MA (P), NH (PIS), VT (CBW)","N'EAST, STATE, WI","Medium","Coarse","Rapid","9.0","No","None","Yes","Yes","120","Medium","32","50","16","Intermediate","-38","Low","Low"
"LUNE","","Lupinus nevadensis","","","","Low","Medium","Slow","1.2","No","Medium","Yes","Yes","120","Medium","10","18","10","Intolerant","-23","Low","Low"
"LYPA","","Lycium pallidum","","","","High","Medium","Moderate","6.0","No","None","Yes","Yes","140","Medium","10","15","12","Intolerant","-13","Low","Low"
"MAPO","","Maclura pomifera","","","","High","Coarse","Moderate","35","No","None","Yes","Yes","180","Medium","24","40","32","Intolerant","-23","Low","Low"
"MAAC","","Magnolia acuminata","","","","High","Coarse","Rapid","100","No","None","Yes","Yes","160","High","35","60","30","Intermediate","-16","Low","Low"
"MESU","","Melica subulata","","","","Medium","Fine","Moderate","3.3","No","None","Yes","Yes","90","Medium","24","50","12","Tolerant","-33","Low","Low"
"MECI3","","Mertensia ciliata","","","","Medium","Medium","Moderate","2.0","No","None","Yes","Yes","100","High","12","65","10","Intermediate","-23","Low","Low"
"MIGU","","Mimulus guttatus","","","","Medium","Coarse","Rapid","2.5","No","None","Yes","Yes","110","High","10","24","12","Tolerant","-38","Low","Low"
"MISI","","Miscanthus sinensis","","CT (PINB)","SEEPPC","Medium","Medium","Moderate","5.0","No","None","Yes","Yes","120","Medium","24","55","14","Intolerant","-18","Low","Low"
"MOCA7","","Morella caroliniensis","","","","","Medium","Moderate","7.0","Yes","None","Yes","Yes","180","Medium","44","60","12","Tolerant","-13","Low","Low"
"MOPE6","","Morella pensylvanica","","","","High","Coarse","Slow","12","No","Medium","Yes","Yes","140","Medium","32","65","20","Intolerant","-28","Low","Low"
"MUPU2","","Muhlenbergia pungens","","","","Medium","Fine","Moderate","1.5","No","None","Yes","Yes","120","Low","8","20","12","Intolerant","-23","Low","Low"
"MURA","","Muhlenbergia racemosa","","","NE&GP","Medium","Medium","Moderate","3.0","No","None","Yes","Yes","100","Medium","10","35","8","Tolerant","-38","Low","Low"
"OEEL","","Oenothera elata","","","","Medium","Fine","Moderate","5.0","No","None","Yes","Yes","120","High","10","25","8","Intolerant","-23","Low","Low"
"OEELH2","","Oenothera elata ssp. hookeri","","","","Medium","Coarse","Rapid","5.0","No","None","Yes","Yes","140","Low","10","15","6","Intolerant","-23","Low","Low"
"OLRIR","","Oligoneuron rigidum var. rigidum","","","","High","Coarse","Rapid","3.6","No","None","Yes","Yes","80","Medium","14","60","12","Intermediate","-43","Low","Low"
"OLDOD","","Olsynium douglasii var. douglasii","","","","High","Fine","Moderate","1.0","No","None","Yes","Yes","120","Medium","14","20","8","Intolerant","-23","Low","Low"
"OPPO","","Opuntia polyacantha","","","NE&GP, WSWS","High","Coarse","Rapid","2.0","Yes","None","Yes","Yes","200","Low","10","20","12","Intolerant","-28","Low","Low"
"PATE11","","Pachysandra terminalis","","","","Medium","Medium","Slow","0.8","Yes","None","Yes","Yes","100","High","36","60","12","Tolerant","-28","Low","Low"
"PAOB","","Panicum obtusum","","","","Medium","Medium","Rapid","2.0","No","None","Yes","Yes","150","High","8","50","10","Intermediate","-23","Low","Low"
"PEAN","","Pectis angustifolia","","","","Medium","Medium","Moderate","0.7","No","None","Yes","Yes","280","Low","12","18","8","Intolerant","-23","Low","Low"
"PEAL","","Pennisetum alopecuroides","","","","Medium","Medium","Moderate","3.0","No","None","Yes","Yes","160","Low","32","60","10","Intolerant","-18","Low","Low"
"PECY2","","Penstemon cyananthus","","","","Medium","Medium","Slow","2.5","No","None","Yes","Yes","110","Medium","16","35","14","Intolerant","-23","Low","Low"
"PHHA","","Phacelia hastata","","","","Medium","Fine","Moderate","2.0","No","None","Yes","Yes","100","Medium","10","18","10","Intermediate","-38","Low","Low"
"PHDI3","","Phlox diffusa","","","","High","Coarse","Slow","0.5","No","None","Yes","Yes","120","Low","20","40","15","Tolerant","-13","Low","Low"
"PHDI5","","Phlox divaricata","","","","High","Medium","Rapid","3.0","No","None","Yes","Yes","100","Medium","32","60","14","Intermediate","-33","Low","Low"
"PHSU3","","Phlox subulata","","","","Medium","Fine","Rapid","0.5","No","None","Yes","Yes","100","High","34","60","8","Intermediate","-28","Low","Low"
"PHAU7","","Phragmites australis","","AL (CCW), CT (IB), MA (P), SC (PP), VT (CBW), WA (CCW)","N'EAST, SEEPPC, STATE","High","Coarse","Rapid","13","No","Low","Yes","Yes","110","Medium","12","60","20","Intolerant","-38","Low","Low"
"PHCA11","","Physocarpus capitatus","","","","High","Coarse","Rapid","8.0","No","None","Yes","Yes","90","Low","20","80","20","Intolerant","-33","Low","Low"
"PHAM4","","Phytolacca americana","","","KY, N'EAST, NE&GP, SWSS","Medium","Coarse","Rapid","7.3","No","None","Yes","Yes","100","Medium","30","65","16","Tolerant","-33","Low","Low"
"PIPU","","Picea pungens","","","","High","Medium","Slow","100","Yes","None","Yes","Yes","120","Medium","20","45","18","Intermediate","-38","Low","Low"
"PIBA2","","Pinus banksiana","","","","High","Medium","Rapid","80","Yes","None","Yes","Yes","50","Low","15","35","20","Intolerant","-53","Low","Low"
"PICE","","Pinus cembroides","","","","High","Fine","Slow","25","Yes","None","Yes","Yes","90","Low","10","20","12","Intolerant","-33","Low","Low"
"PICO","","Pinus contorta","","","","High","Medium","Rapid","99","Yes","None","Yes","Yes","100","Medium","18","25","20","Intolerant","-70","Low","Low"
"PICOC","","Pinus contorta var. contorta","","","","High","Medium","Rapid","50","Yes","None","Yes","Yes","150","Medium","20","200","20","Intolerant","-24","Low","Low"
"PIEC2","","Pinus echinata","","","","High","Medium","Rapid","100","Yes","None","Yes","Yes","180","Medium","34","65","24","Intolerant","-18","Low","Low"
"PIED","","Pinus edulis","","","","High","Medium","Slow","50","Yes","None","Yes","Yes","200","Low","9","27","20","Intolerant","-31","Low","Low"
"PIJE","","Pinus jeffreyi","","","","High","Fine","Rapid","180","Yes","None","Yes","Yes","120","Medium","20","80","40","Intolerant","-38","Low","Low"
"PIMO","","Pinus monophylla","","","","High","Medium","Slow","50","Yes","None","Yes","Yes","150","Low","11","20","40","Intolerant","-23","Low","Low"
"PIMO3","","Pinus monticola","","","","High","Medium","Rapid","200","Yes","None","Yes","Yes","120","Medium","15","30","40","Intermediate","-33","Low","Low"
"PIPO","","Pinus ponderosa","","","","High","Medium","Moderate","223","Yes","None","Yes","Yes","150","Medium","15","25","20","Intolerant","-36","Low","Low"
"PIPU5","","Pinus pungens","","","","High","Medium","","50","Yes","None","Yes","Yes","165","Low","36","60","24","Intolerant","-18","Low","Low"
"PIRE","","Pinus resinosa","","","","High","Medium","Rapid","80","Yes","None","Yes","Yes","80","Low","15","60","40","Intolerant","-43","Low","Low"
"PIRI","","Pinus rigida","","","","High","Medium","Rapid","80","Yes","None","Yes","Yes","112","Low","37","56","20","Intolerant","-43","Low","Low"
"PISY","","Pinus sylvestris","","","","High","Medium","Rapid","110","Yes","None","Yes","Yes","120","Medium","24","45","20","Intolerant","-36","Low","Low"
"PITA","","Pinus taeda","","","HEAR","High","Medium","Rapid","100","Yes","None","Yes","Yes","150","High","35","65","35","Intolerant","-8","Low","Low"
"PIVI2","","Pinus virginiana","","","","High","Coarse","Rapid","70","Yes","None","Yes","Yes","165","Low","32","65","20","Intolerant","-23","Low","Low"
"PIMI","","Piptatheropsis micrantha","","","","","","","","","","","","","","","","","","","",""
"PIMI","PIMI7","Piptatherum micranthum","","","","Medium","Coarse","Moderate","2.5","No","None","Yes","Yes","80","Low","10","28","12","Intolerant","-38","Low","Low"
"PLMA2","","Plantago major","","","N'EAST, WSWS","Medium","Medium","Moderate","0.3","No","None","Yes","Yes","85","Medium","16","60","4","Intermediate","-38","Low","Low"
"PLWR2","","Platanus wrightii","","","","High","Coarse","Slow","80","No","None","Yes","Yes","160","Low","16","24","36","Intolerant","-8","Low","Low"
"POAU","","Poa autumnalis","","","","Medium","Medium","Moderate","1.5","No","None","Yes","Yes","180","Medium","36","60","10","Intermediate","-8","Low","Low"
"POFEF","","Poa fendleriana ssp. fendleriana","","","","Medium","Fine","Moderate","2.6","No","None","Yes","Yes","90","Low","10","30","12","Intermediate","-33","Low","Low"
"POSY","","Poa sylvestris","","","","Medium","Medium","Moderate","3.0","No","None","Yes","Yes","100","High","30","60","8","Tolerant","-33","Low","Low"
"PODA","","Polygonum davisiae","","","","High","Medium","Moderate","1.3","No","None","Yes","Yes","120","Low","14","30","14","Intermediate","-23","Low","Low"
"POFR2","","Populus fremontii","","","","High","Medium","Rapid","90","No","None","Yes","Yes","165","High","20","26","32","Intolerant","-13","Low","Low"
"PONI","","Populus nigra","","","","High","Medium","Rapid","190","No","None","Yes","Yes","160","High","20","50","32","Intolerant","-28","Low","Low"
"PODI2","","Potentilla diversifolia","","","","Medium","Medium","Moderate","3.0","No","None","Yes","Yes","100","Medium","8","35","8","Intermediate","-33","Low","Low"
"PRPU3","","Prunus pumila","","","","Medium","Coarse","Slow","6.0","No","None","Yes","Yes","125","Low","15","50","24","Tolerant","-33","Low","Low"
"PRSE2","","Prunus serotina","","","N'EAST","High","Medium","Rapid","80","No","None","Yes","Yes","120","Medium","21","50","36","Intolerant","-33","Low","Low"
"PRSER2","","Prunus serotina var. rufula","","","","High","Medium","Rapid","40","No","None","Yes","Yes","160","Medium","9","35","12","Intermediate","-23","Low","Low"
"PRTO80","","Prunus tomentosa","","","","High","Medium","Moderate","8.0","No","None","Yes","Yes","100","Medium","24","40","20","Intolerant","-38","Low","Low"
"PSME","","Pseudotsuga menziesii","","","","High","Medium","Moderate","200","Yes","None","Yes","Yes","130","Medium","18","100","26","Intermediate","-33","Low","Low"
"PSMEG","","Pseudotsuga menziesii var. glauca","","","","High","Medium","Moderate","110","No","None","Yes","Yes","65","Medium","22","45","26","Intermediate","-32","Low","Low"
"PTTR","","Ptelea trifoliata","","","","High","Medium","Slow","25","Yes","None","Yes","Yes","165","High","30","50","30","Intermediate","-33","Low","Low"
"PTAQ","","Pteridium aquilinum","","","SWSS","","Medium","Moderate","6.6","No","None","Yes","Yes","90","Medium","16","60","10","Tolerant","-43","Low","Low"
"PUNU2","","Puccinellia nuttalliana","","","","High","Medium","Slow","0.8","No","None","Yes","Yes","110","Medium","24","45","10","Intolerant","-38","Low","Low"
"QUFA","","Quercus falcata","","","","High","Coarse","Moderate","75","No","None","Yes","Yes","175","Medium","40","80","36","Intermediate","-13","Low","Low"
"QUSH","","Quercus shumardii","","","","High","Medium","Moderate","100","No","None","Yes","Yes","120","Medium","25","70","40","Intolerant","-22","Low","Low"
"QUST","","Quercus stellata","","","","High","Coarse","Slow","60","No","None","Yes","Yes","165","Medium","22","80","36","Intolerant","-33","Low","Low"
"RAAL","","Ranunculus alismifolius","","","","Medium","Fine","Moderate","2.0","No","None","Yes","Yes","85","High","10","30","9","Intermediate","-33","Low","Low"
"RAES","","Ranunculus eschscholtzii","","","","Medium","Medium","Moderate","1.0","No","None","Yes","Yes","90","Medium","12","20","9","Intolerant","-33","Low","Low"
"RATA","","Ratibida tagetes","","","","Medium","Fine","Rapid","1.0","No","None","Yes","Yes","160","Low","9","35","6","Intolerant","-28","Low","Low"
"RHCA6","","Rhododendron canadense","","","","High","Coarse","Moderate","18","Yes","None","Yes","Yes","120","High","35","50","16","Tolerant","-23","Low","Low"
"RHPE4","","Rhododendron periclymenoides","","","","High","Medium","Moderate","10","No","None","Yes","Yes","190","Low","36","50","8","Tolerant","-18","Low","Low"
"RHCO","","Rhus copallinum","","","","High","Coarse","Moderate","8.0","No","None","Yes","Yes","140","Low","28","60","14","Intolerant","-28","Low","Low"
"RHGL","","Rhus glabra","","","NE&GP","High","Coarse","Moderate","12","No","None","Yes","Yes","135","Low","30","60","24","Intolerant","-33","Low","Low"
"RIRO","","Ribes roezlii","","","","High","Fine","Moderate","5.0","No","None","Yes","Yes","160","Low","12","24","16","Intermediate","-28","Low","Low"
"ROPS","","Robinia pseudoacacia","","CT (INB), MA (P)","Cal-IPC, N'EAST","Medium","Medium","Rapid","60","No","Medium","Yes","Yes","140","Medium","16","65","36","Intolerant","-37","Low","Low"
"ROPI2","","Rosa pisocarpa","","","","Medium","Coarse","Rapid","3.0","No","None","Yes","Yes","77","","15","104","12","Intolerant","-24","Low","Low"
"RORU82","","Rosa rubiginosa","","","","","","","","","","","","","","","","","","","",""
"RORU82","ROEG","Rosa eglanteria","","","","High","Coarse","Moderate","10","No","None","Yes","Yes","100","Medium","32","45","20","Intolerant","-33","Low","Low"
"RORU","","Rosa rugosa","","CT (PINB)","STATE","High","Coarse","Moderate","5.0","No","None","Yes","Yes","140","Medium","34","60","14","Intolerant","-33","Low","Low"
"ROVI2","","Rosa virginiana","","","","Medium","Medium","Moderate","6.0","No","None","Yes","Yes","130","Medium","35","55","16","Intermediate","-18","Low","Low"
"ROWI","","Rosa wichuraiana","","","","","Coarse","Rapid","1.0","No","None","Yes","Yes","140","Medium","35","55","16","Intolerant","-23","Low","Low"
"RUHI","","Rubus hispidus","","","","","Medium","Moderate","2.0","No","None","Yes","Yes","140","High","30","70","12","Intolerant","-38","Low","Low"
"RUMA4","","Rumex maritimus","","","","High","Coarse","Rapid","2.0","No","None","Yes","Yes","135","High","14","55","12","Intermediate","-38","Low","Low"
"SARA3","","Saccharum ravennae","","","","High","Coarse","Rapid","7.0","No","None","Yes","Yes","185","Medium","28","55","14","Intolerant","-8","Low","Low"
"SABA3","","Salix barclayi","","","","High","Medium","Rapid","15","No","None","Yes","Yes","100","High","20","60","16","Intolerant","-43","Low","Low"
"SAEX","","Salix exigua","","","","Medium","Medium","Rapid","10","No","None","Yes","Yes","120","High","20","30","20","Intermediate","-38","Low","Low"
"SANI","","Salix nigra","","","","Medium","Medium","Rapid","100","No","None","Yes","Yes","120","High","18","80","32","Intolerant","-58","Low","Low"
"SARI4","","Salix richardsonii","","","","High","Medium","Slow","15","No","None","Yes","Yes","88","Low","31","63","17","Intolerant","-38","Low","Low"
"SASE3","","Salix sessilifolia","","","","High","Medium","Rapid","20","No","None","Yes","Yes","180","Medium","20","120","24","Intermediate","-33","Low","Low"
"SANIC5","","Sambucus nigra ssp. cerulea","","","","","Coarse","Rapid","23","No","None","Yes","Yes","80","Low","10","60","12","Intermediate","-38","Low","Low"
"SASAD","","Sapindus saponaria var. drummondii","","","","High","Fine","Moderate","20","No","None","Yes","Yes","150","Low","10","15","12","Intolerant","-13","Low","Low"
"SAOF4","","Saponaria officinalis","","CO (BW)","Cal-IPC, KY, NE&GP, STATE, WSWS","High","Medium","Moderate","2.2","No","None","Yes","Yes","130","Medium","32","45","10","Intermediate","-18","Low","Low"
"SCMI2","","Scirpus microcarpus","","","","High","Medium","Rapid","5.5","No","None","Yes","Yes","80","Medium","12","38","12","Intolerant","-38","Low","Low"
"SCPA8","","Scirpus pallidus","","","","High","Medium","Rapid","5.0","No","None","Yes","Yes","80","Medium","16","28","10","Intolerant","-38","Low","Low"
"SCPE4","","Scirpus pendulus","","","","High","Medium","Moderate","4.0","No","None","Yes","Yes","80","Medium","30","55","10","Intolerant","-38","Low","Low"
"SOAL6","","Solidago altissima","","","SWSS","","","","","","","","","","","","","","","","",""
"SOAL6","SOCAS5","Solidago canadensis var. scabra","","","","High","Fine","Rapid","5.0","No","None","Yes","Yes","130","Medium","18","55","8","Intermediate","-28","Low","Low"
"SOCA6","","Solidago canadensis","","","N'EAST, WSWS","High","Coarse","Rapid","3.5","No","None","Yes","Yes","80","Medium","16","60","12","Intolerant","-43","Low","Low"
"SORU2","","Solidago rugosa","","","","High","Coarse","Rapid","3.3","No","None","Yes","Yes","95","Medium","24","60","12","Intermediate","-33","Low","Low"
"SOSE","","Solidago sempervirens","","","","Medium","Coarse","Moderate","3.5","No","None","Yes","Yes","180","Low","35","60","14","Intolerant","-13","Low","Low"
"SOSIG","","Sorbus sitchensis var. grayi","","","","High","Fine","Slow","15","No","None","Yes","Yes","100","Medium","20","40","16","Intolerant","-28","Low","Low"
"SPGR2","","Sphaeralcea grossulariifolia","","","","Medium","Medium","Moderate","2.0","No","None","Yes","Yes","100","Low","8","14","12","Intermediate","-23","Low","Low"
"SPAL2","","Spiraea alba","","","","Medium","Fine","Moderate","3.0","No","None","Yes","Yes","110","Medium","18","55","12","Intermediate","-33","Low","Low"
"SPDO","","Spiraea douglasii","","","","High","Coarse","Moderate","7.0","No","None","Yes","Yes","100","Low","16","50","16","Intolerant","-23","Low","Low"
"SPTO2","","Spiraea tomentosa","","","","High","Medium","Moderate","4.0","No","None","Yes","Yes","110","Low","30","60","14","Intolerant","-33","Low","Low"
"SYCO4","","Symphyotrichum cordifolium","","","","Medium","Medium","Moderate","5.0","No","None","Yes","Yes","90","Low","16","50","10","Intolerant","-38","Low","Low"
"SYFOF","","Symphyotrichum foliaceum var. foliaceum","","","","Medium","Medium","Moderate","2.0","No","None","Yes","Yes","90","Medium","12","45","10","Intolerant","-38","Low","Low"
"SYLAL3","","Symphyotrichum laeve var. laeve","","","","Medium","Medium","Moderate","4.0","No","None","Yes","Yes","100","Medium","20","35","10","Intolerant","-43","Low","Low"
"SYLAH7","","Symphyotrichum lanceolatum ssp. lanceolatum var. hirsuticaule","","","","High","Coarse","Slow","6.0","No","None","Yes","Yes","65","Low","8","16","8","Intermediate","-28","Low","Low"
"SYSUS","","Symphyotrichum subspicatum var. subspicatum","","","","High","Fine","Rapid","0.3","No","None","Yes","Yes","120","High","19","64","6","Intermediate","-8","Low","Low"
"SYTI","","Symplocos tinctoria","","","","","Medium","Moderate","20","No","None","Yes","Yes","178","","40","100","","Tolerant","-22","Low","Low"
"SYVU","","Syringa vulgaris","","","","Low","Medium","Moderate","20","No","None","Yes","Yes","110","Medium","30","50","14","Intermediate","-38","Low","Low"
"TAOF","","Taraxacum officinale","","","KY, N'EAST, NE&GP, SWSS, WSWS","Low","Coarse","Rapid","0.5","No","None","Yes","Yes","100","Medium","12","55","6","Intermediate","-38","Low","Low"
"TEGL","","Tetradymia glabrata","","","","High","Fine","Slow","12","No","None","Yes","Yes","200","Low","3","11","6","Intolerant","-13","Low","Low"
"THNO","","Thelypteris noveboracensis","","","","","Medium","Moderate","1.5","No","None","Yes","Yes","100","Low","30","60","6","Tolerant","-28","Low","Low"
"TRDU","","Tragopogon dubius","","","KY, N'EAST, NE&GP, SEEPPC, SWSS, WSWS","Low","Fine","Rapid","3.0","No","None","Yes","Yes","160","Low","6","40","6","Intolerant","-28","Low","Low"
"TYAN","","Typha angustifolia","","","","Medium","Coarse","Rapid","4.9","No","None","Yes","Yes","130","High","30","60","10","Intolerant","-33","Low","Low"
"TYLA","","Typha latifolia","","","NE&GP, SWSS, WSWS","High","Coarse","Rapid","5.0","No","None","Yes","Yes","100","High","14","180","14","Intermediate","-36","Low","Low"
"ULAL","","Ulmus alata","","","","High","Coarse","Moderate","65","No","None","Yes","Yes","180","Medium","40","70","40","Tolerant","-18","Low","Low"
"ULRU","","Ulmus rubra","","","","High","Coarse","Rapid","85","No","None","Yes","Yes","90","High","21","83","40","Tolerant","-43","Low","Low"
"VACE","","Vaccinium cespitosum","","","","","","","","","","","","","","","","","","","",""
"VACE","VACA13","Vaccinium caespitosum","","","","High","Coarse","Moderate","1.0","No","None","Yes","Yes","100","High","19","69","12","Tolerant","-33","Low","Low"
"VASC","","Vaccinium scoparium","","","","High","Coarse","Rapid","2.0","No","None","Yes","Yes","100","Medium","19","69","12","Tolerant","-13","Low","Low"
"VEMI2","","Vernonia missurica","","","","High","Coarse","Moderate","6.0","No","None","Yes","Yes","165","Medium","34","55","8","Intolerant","-33","Low","Low"
"VIRA","","Viburnum rafinesqueanum","","","","High","Coarse","Moderate","6.0","No","None","Yes","Yes","100","Low","30","45","14","Tolerant","-43","Low","Low"
"VIMI2","","Vinca minor","","","SEEPPC, WI","High","Coarse","Moderate","0.3","Yes","None","Yes","Yes","130","Low","30","60","8","Tolerant","-33","Low","Low"
"WYMO","","Wyethia mollis","","","","High","Coarse","Slow","2.5","No","None","Yes","Yes","165","Low","8","16","20","Tolerant","-13","Low","Low"
"YUEL","","Yucca elata","","","","High","Coarse","Moderate","20","Yes","None","Yes","Yes","150","Low","10","15","6","Intolerant","-13","Low","Low"
"YUGL","","Yucca glauca","","","NE&GP, WSWS","High","Coarse","Moderate","1.0","Yes","None","Yes","Yes","140","Low","7","60","6","Intolerant","-28","Low","Low"
"ZESE80","","Zelkova serrata","","","","High","Fine","Slow","89","No","None","Yes","Yes","110","Medium","20","70","36","Intolerant","-33","Low","Low"
